1_extracted\union\00000.bin,,0,Uncompress
1_extracted\union\00001.bin,,1,Uncompress
1_extracted\union\00002.bin,,2,Uncompress
1_extracted\union\00003.bin,,3,Uncompress
1_extracted\union\00004.bin,,4,Uncompress
1_extracted\union\00005.bin,,5,Uncompress
1_extracted\union\00006.bin,,6,Uncompress
1_extracted\union\00007.bin,,7,Uncompress
1_extracted\union\00008.bin,,8,Uncompress
1_extracted\union\00009.bin,,9,Uncompress
1_extracted\union\00010.bin,,10,Uncompress
1_extracted\union\00011.bin,,11,Uncompress
1_extracted\union\00012.bin,,12,Uncompress
1_extracted\union\00013.bin,,13,Uncompress
1_extracted\union\00014.bin,,14,Uncompress
1_extracted\union\00015.bin,,15,Uncompress
1_extracted\union\00016.bin,,16,Uncompress
1_extracted\union\00017.bin,,17,Uncompress
1_extracted\union\00018.bin,,18,Uncompress
1_extracted\union\00019.bin,,19,Uncompress
1_extracted\union\00020.bin,,20,Uncompress
1_extracted\union\00021.bin,,21,Uncompress
1_extracted\union\00022.bin,,22,Uncompress
1_extracted\union\00023.bin,,23,Uncompress
1_extracted\union\00024.bin,,24,Uncompress
1_extracted\union\00025.bin,,25,Uncompress
1_extracted\union\00026.bin,,26,Uncompress
1_extracted\union\00027.bin,,27,Uncompress
1_extracted\union\00028.bin,,28,Uncompress
1_extracted\union\00029.bin,,29,Uncompress
1_extracted\union\00030.bin,,30,Uncompress
1_extracted\union\00031.bin,,31,Uncompress
1_extracted\union\00032.bin,,32,Uncompress
1_extracted\union\00033.bin,,33,Uncompress
1_extracted\union\00034.bin,,34,Uncompress
1_extracted\union\00035.bin,,35,Uncompress
1_extracted\union\00036.bin,,36,Uncompress
1_extracted\union\00037.bin,,37,Uncompress
1_extracted\union\00038.bin,,38,Uncompress
1_extracted\union\00039.bin,,39,Uncompress
1_extracted\union\00040.bin,,40,Uncompress
1_extracted\union\00041.bin,,41,Uncompress
1_extracted\union\00042.bin,,42,Uncompress
1_extracted\union\00043.bin,,43,Uncompress
1_extracted\union\00044.bin,,44,Uncompress
1_extracted\union\00045.bin,,45,Uncompress
1_extracted\union\00046.bin,,46,Uncompress
1_extracted\union\00047.bin,,47,Uncompress
1_extracted\union\00048.bin,,48,Uncompress
1_extracted\union\00049.bin,,49,Uncompress
1_extracted\union\00050.bin,,50,Uncompress
1_extracted\union\00051.bin,,51,Uncompress
1_extracted\union\00052.bin,,52,Uncompress
1_extracted\union\00053.bin,,53,Uncompress
1_extracted\union\00054.bin,,54,Uncompress
1_extracted\union\00055.bin,,55,Uncompress
1_extracted\union\00056.bin,,56,Uncompress
1_extracted\union\00057.bin,,57,Uncompress
1_extracted\union\00058.bin,,58,Uncompress
1_extracted\union\00059.bin,,59,Uncompress
1_extracted\union\00060.bin,,60,Uncompress
1_extracted\union\00061.bin,,61,Uncompress
1_extracted\union\00062.bin,,62,Uncompress
1_extracted\union\00063.bin,,63,Uncompress
1_extracted\union\00064.bin,,64,Uncompress
1_extracted\union\00065.bin,,65,Uncompress
1_extracted\union\00066.bin,,66,Uncompress
1_extracted\union\00067.bin,,67,Uncompress
1_extracted\union\00068.bin,,68,Uncompress
1_extracted\union\00069.bin,,69,Uncompress
1_extracted\union\00070.bin,,70,Uncompress
1_extracted\union\00071.bin,,71,Uncompress
1_extracted\union\00072.bin,,72,Uncompress
1_extracted\union\00073.bin,,73,Uncompress
1_extracted\union\00074.bin,,74,Uncompress
1_extracted\union\00075.bin,,75,Uncompress
1_extracted\union\00076.bin,,76,Uncompress
1_extracted\union\00077.bin,,77,Uncompress
1_extracted\union\00078.bin,,78,Uncompress
1_extracted\union\00079.bin,,79,Uncompress
1_extracted\union\00080.bin,,80,Uncompress
1_extracted\union\00081.bin,,81,Uncompress
1_extracted\union\00082.bin,,82,Uncompress
1_extracted\union\00083.bin,,83,Uncompress
1_extracted\union\00084.bin,,84,Uncompress
1_extracted\union\00085.bin,,85,Uncompress
1_extracted\union\00086.bin,,86,Uncompress
1_extracted\union\00087.bin,,87,Uncompress
1_extracted\union\00088.bin,,88,Uncompress
1_extracted\union\00089.bin,,89,Uncompress
1_extracted\union\00090.bin,,90,Uncompress
1_extracted\union\00091.bin,,91,Uncompress
1_extracted\union\00092.bin,,92,Uncompress
1_extracted\union\00093.bin,,93,Uncompress
1_extracted\union\00094.bin,,94,Uncompress
1_extracted\union\00095.bin,,95,Uncompress
1_extracted\union\00096.bin,,96,Uncompress
1_extracted\union\00097.bin,,97,Uncompress
1_extracted\union\00098.bin,,98,Uncompress
1_extracted\union\00099.bin,,99,Uncompress
1_extracted\union\00100.bin,,100,Uncompress
1_extracted\union\00101.bin,,101,Uncompress
1_extracted\union\00102.bin,,102,Uncompress
1_extracted\union\00103.bin,,103,Uncompress
1_extracted\union\00104.bin,,104,Uncompress
1_extracted\union\00105.bin,,105,Uncompress
1_extracted\union\00106.bin,,106,Uncompress
1_extracted\union\00107.bin,,107,Uncompress
1_extracted\union\00108.bin,,108,Uncompress
1_extracted\union\00109.bin,,109,Uncompress
1_extracted\union\00110.bin,,110,Uncompress
1_extracted\union\00111.bin,,111,Uncompress
1_extracted\union\00112.bin,,112,Uncompress
1_extracted\union\00113.bin,,113,Uncompress
1_extracted\union\00114.bin,,114,Uncompress
1_extracted\union\00115.bin,,115,Uncompress
1_extracted\union\00116.bin,,116,Uncompress
1_extracted\union\00117.bin,,117,Uncompress
1_extracted\union\00118.bin,,118,Uncompress
1_extracted\union\00119.bin,,119,Uncompress
1_extracted\union\00120.bin,,120,Uncompress
1_extracted\union\00121.bin,,121,Uncompress
1_extracted\union\00122.bin,,122,Uncompress
1_extracted\union\00123.bin,,123,Uncompress
1_extracted\union\00124.bin,,124,Uncompress
1_extracted\union\00125.bin,,125,Uncompress
1_extracted\union\00126.bin,,126,Uncompress
1_extracted\union\00127.bin,,127,Uncompress
1_extracted\union\00128.bin,,128,Uncompress
1_extracted\union\00129.bin,,129,Uncompress
1_extracted\union\00130.bin,,130,Uncompress
1_extracted\union\00131.bin,,131,Uncompress
1_extracted\union\00132.bin,,132,Uncompress
1_extracted\union\00133.bin,,133,Uncompress
1_extracted\union\00134.bin,,134,Uncompress
1_extracted\union\00135.bin,,135,Uncompress
1_extracted\union\00136.bin,,136,Uncompress
1_extracted\union\00137.bin,,137,Uncompress
1_extracted\union\00138.bin,,138,Uncompress
1_extracted\union\00139.bin,,139,Uncompress
1_extracted\union\00140.bin,,140,Uncompress
1_extracted\union\00141.bin,,141,Uncompress
1_extracted\union\00142.bin,,142,Uncompress
1_extracted\union\00143.bin,,143,Uncompress
1_extracted\union\00144.bin,,144,Uncompress
1_extracted\union\00145.bin,,145,Uncompress
1_extracted\union\00146.bin,,146,Uncompress
1_extracted\union\00147.bin,,147,Uncompress
1_extracted\union\00148.bin,,148,Uncompress
1_extracted\union\00149.bin,,149,Uncompress
1_extracted\union\00150.bin,,150,Uncompress
1_extracted\union\00151.bin,,151,Uncompress
1_extracted\union\00152.bin,,152,Uncompress
1_extracted\union\00153.bin,,153,Uncompress
1_extracted\union\00154.bin,,154,Uncompress
1_extracted\union\00155.bin,,155,Uncompress
1_extracted\union\00156.bin,,156,Uncompress
1_extracted\union\00157.bin,,157,Uncompress
1_extracted\union\00158.bin,,158,Uncompress
1_extracted\union\00159.bin,,159,Uncompress
1_extracted\union\00160.bin,,160,Uncompress
1_extracted\union\00161.bin,,161,Uncompress
1_extracted\union\00162.bin,,162,Uncompress
1_extracted\union\00163.bin,,163,Uncompress
1_extracted\union\00164.bin,,164,Uncompress
1_extracted\union\00165.bin,,165,Uncompress
1_extracted\union\00166.bin,,166,Uncompress
1_extracted\union\00167.bin,,167,Uncompress
1_extracted\union\00168.bin,,168,Uncompress
1_extracted\union\00169.bin,,169,Uncompress
1_extracted\union\00170.bin,,170,Uncompress
1_extracted\union\00171.bin,,171,Uncompress
1_extracted\union\00172.bin,,172,Uncompress
1_extracted\union\00173.bin,,173,Uncompress
1_extracted\union\00174.bin,,174,Uncompress
1_extracted\union\00175.bin,,175,Uncompress
1_extracted\union\00176.bin,,176,Uncompress
1_extracted\union\00177.bin,,177,Uncompress
1_extracted\union\00178.bin,,178,Uncompress
1_extracted\union\00179.bin,,179,Uncompress
1_extracted\union\00180.bin,,180,Uncompress
1_extracted\union\00181.bin,,181,Uncompress
1_extracted\union\00182.bin,,182,Uncompress
1_extracted\union\00183.bin,,183,Uncompress
1_extracted\union\00184.bin,,184,Uncompress
1_extracted\union\00185.bin,,185,Uncompress
1_extracted\union\00186.bin,,186,Uncompress
1_extracted\union\00187.bin,,187,Uncompress
1_extracted\union\00188.bin,,188,Uncompress
1_extracted\union\00189.bin,,189,Uncompress
1_extracted\union\00190.bin,,190,Uncompress
1_extracted\union\00191.bin,,191,Uncompress
1_extracted\union\00192.bin,,192,Uncompress
1_extracted\union\00193.bin,,193,Uncompress
1_extracted\union\00194.bin,,194,Uncompress
1_extracted\union\00195.bin,,195,Uncompress
1_extracted\union\00196.bin,,196,Uncompress
1_extracted\union\00197.bin,,197,Uncompress
1_extracted\union\00198.bin,,198,Uncompress
1_extracted\union\00199.bin,,199,Uncompress
1_extracted\union\00200.bin,,200,Uncompress
1_extracted\union\00201.bin,,201,Uncompress
1_extracted\union\00202.bin,,202,Uncompress
1_extracted\union\00203.bin,,203,Uncompress
1_extracted\union\00204.bin,,204,Uncompress
1_extracted\union\00205.bin,,205,Uncompress
1_extracted\union\00206.bin,,206,Uncompress
1_extracted\union\00207.bin,,207,Uncompress
1_extracted\union\00208.bin,,208,Uncompress
1_extracted\union\00209.bin,,209,Uncompress
1_extracted\union\00210.bin,,210,Uncompress
1_extracted\union\00211.bin,,211,Uncompress
1_extracted\union\00212.bin,,212,Uncompress
1_extracted\union\00213.bin,,213,Uncompress
1_extracted\union\00214.bin,,214,Uncompress
1_extracted\union\00215.bin,,215,Uncompress
1_extracted\union\00216.bin,,216,Uncompress
1_extracted\union\00217.bin,,217,Uncompress
1_extracted\union\00218.bin,,218,Uncompress
1_extracted\union\00219.bin,,219,Uncompress
1_extracted\union\00220.bin,,220,Uncompress
1_extracted\union\00221.bin,,221,Uncompress
1_extracted\union\00222.bin,,222,Uncompress
1_extracted\union\00223.bin,,223,Uncompress
1_extracted\union\00224.bin,,224,Uncompress
1_extracted\union\00225.bin,,225,Uncompress
1_extracted\union\00226.bin,,226,Uncompress
1_extracted\union\00227.bin,,227,Uncompress
1_extracted\union\00228.bin,,228,Uncompress
1_extracted\union\00229.bin,,229,Uncompress
1_extracted\union\00230.bin,,230,Uncompress
1_extracted\union\00231.bin,,231,Uncompress
1_extracted\union\00232.bin,,232,Uncompress
1_extracted\union\00233.bin,,233,Uncompress
1_extracted\union\00234.bin,,234,Uncompress
1_extracted\union\00235.bin,,235,Uncompress
1_extracted\union\00236.bin,,236,Uncompress
1_extracted\union\00237.bin,,237,Uncompress
1_extracted\union\00238.bin,,238,Uncompress
1_extracted\union\00239.bin,,239,Uncompress
1_extracted\union\00240.bin,,240,Uncompress
1_extracted\union\00241.bin,,241,Uncompress
1_extracted\union\00242.bin,,242,Uncompress
1_extracted\union\00243.bin,,243,Uncompress
1_extracted\union\00244.bin,,244,Uncompress
1_extracted\union\00245.bin,,245,Uncompress
1_extracted\union\00246.bin,,246,Uncompress
1_extracted\union\00247.bin,,247,Uncompress
1_extracted\union\00248.bin,,248,Uncompress
1_extracted\union\00249.bin,,249,Uncompress
1_extracted\union\00250.bin,,250,Uncompress
1_extracted\union\00251.bin,,251,Uncompress
1_extracted\union\00252.bin,,252,Uncompress
1_extracted\union\00253.bin,,253,Uncompress
1_extracted\union\00254.bin,,254,Uncompress
1_extracted\union\00255.bin,,255,Uncompress
1_extracted\union\00256.bin,,256,Uncompress
1_extracted\union\00257.bin,,257,Uncompress
1_extracted\union\00258.bin,,258,Uncompress
1_extracted\union\00259.bin,,259,Uncompress
1_extracted\union\00260.bin,,260,Uncompress
1_extracted\union\00261.bin,,261,Uncompress
1_extracted\union\00262.bin,,262,Uncompress
1_extracted\union\00263.bin,,263,Uncompress
1_extracted\union\00264.bin,,264,Uncompress
1_extracted\union\00265.bin,,265,Uncompress
1_extracted\union\00266.bin,,266,Uncompress
1_extracted\union\00267.bin,,267,Uncompress
1_extracted\union\00268.bin,,268,Uncompress
1_extracted\union\00269.bin,,269,Uncompress
1_extracted\union\00270.bin,,270,Uncompress
1_extracted\union\00271.bin,,271,Uncompress
1_extracted\union\00272.bin,,272,Uncompress
1_extracted\union\00273.bin,,273,Uncompress
1_extracted\union\00274.bin,,274,Uncompress
1_extracted\union\00275.bin,,275,Uncompress
1_extracted\union\00276.bin,,276,Uncompress
1_extracted\union\00277.bin,,277,Uncompress
1_extracted\union\00278.bin,,278,Uncompress
1_extracted\union\00279.bin,,279,Uncompress
1_extracted\union\00280.bin,,280,Uncompress
1_extracted\union\00281.bin,,281,Uncompress
1_extracted\union\00282.bin,,282,Uncompress
1_extracted\union\00283.bin,,283,Uncompress
1_extracted\union\00284.bin,,284,Uncompress
1_extracted\union\00285.bin,,285,Uncompress
1_extracted\union\00286.bin,,286,Uncompress
1_extracted\union\00287.bin,,287,Uncompress
1_extracted\union\00288.bin,,288,Uncompress
1_extracted\union\00289.bin,,289,Uncompress
1_extracted\union\00290.bin,,290,Uncompress
1_extracted\union\00291.bin,,291,Uncompress
1_extracted\union\00292.bin,,292,Uncompress
1_extracted\union\00293.bin,,293,Uncompress
1_extracted\union\00294.bin,,294,Uncompress
1_extracted\union\00295.bin,,295,Uncompress
1_extracted\union\00296.bin,,296,Uncompress
1_extracted\union\00297.bin,,297,Uncompress
1_extracted\union\00298.bin,,298,Uncompress
1_extracted\union\00299.bin,,299,Uncompress
1_extracted\union\00300.bin,,300,Uncompress
1_extracted\union\00301.bin,,301,Uncompress
1_extracted\union\00302.bin,,302,Uncompress
1_extracted\union\00303.bin,,303,Uncompress
1_extracted\union\00304.bin,,304,Uncompress
1_extracted\union\00305.bin,,305,Uncompress
1_extracted\union\00306.bin,,306,Uncompress
1_extracted\union\00307.bin,,307,Uncompress
1_extracted\union\00308.bin,,308,Uncompress
1_extracted\union\00309.bin,,309,Uncompress
1_extracted\union\00310.bin,,310,Uncompress
1_extracted\union\00311.bin,,311,Uncompress
1_extracted\union\00312.bin,,312,Uncompress
1_extracted\union\00313.bin,,313,Uncompress
1_extracted\union\00314.bin,,314,Uncompress
1_extracted\union\00315.bin,,315,Uncompress
1_extracted\union\00316.bin,,316,Uncompress
1_extracted\union\00317.bin,,317,Uncompress
1_extracted\union\00318.bin,,318,Uncompress
1_extracted\union\00319.bin,,319,Uncompress
1_extracted\union\00320.bin,,320,Uncompress
1_extracted\union\00321.bin,,321,Uncompress
1_extracted\union\00322.bin,,322,Uncompress
1_extracted\union\00323.bin,,323,Uncompress
1_extracted\union\00324.bin,,324,Uncompress
1_extracted\union\00325.bin,,325,Uncompress
1_extracted\union\00326.bin,,326,Uncompress
1_extracted\union\00327.bin,,327,Uncompress
1_extracted\union\00328.bin,,328,Uncompress
1_extracted\union\00329.bin,,329,Uncompress
1_extracted\union\00330.bin,,330,Uncompress
1_extracted\union\00331.bin,,331,Uncompress
1_extracted\union\00332.bin,,332,Uncompress
1_extracted\union\00333.bin,,333,Uncompress
1_extracted\union\00334.bin,,334,Uncompress
1_extracted\union\00335.bin,,335,Uncompress
1_extracted\union\00336.bin,,336,Uncompress
1_extracted\union\00337.bin,,337,Uncompress
1_extracted\union\00338.bin,,338,Uncompress
1_extracted\union\00339.bin,,339,Uncompress
1_extracted\union\00340.bin,,340,Uncompress
1_extracted\union\00341.bin,,341,Uncompress
1_extracted\union\00342.bin,,342,Uncompress
1_extracted\union\00343.bin,,343,Uncompress
1_extracted\union\00344.bin,,344,Uncompress
1_extracted\union\00345.bin,,345,Uncompress
1_extracted\union\00346.bin,,346,Uncompress
1_extracted\union\00347.bin,,347,Uncompress
1_extracted\union\00348.bin,,348,Uncompress
1_extracted\union\00349.bin,,349,Uncompress
1_extracted\union\00350.bin,,350,Uncompress
1_extracted\union\00351.bin,,351,Uncompress
1_extracted\union\00352.bin,,352,Uncompress
1_extracted\union\00353.bin,,353,Uncompress
1_extracted\union\00354.bin,,354,Uncompress
1_extracted\union\00355.bin,,355,Uncompress
1_extracted\union\00356.bin,,356,Uncompress
1_extracted\union\00357.bin,,357,Uncompress
1_extracted\union\00358.bin,,358,Uncompress
1_extracted\union\00359.bin,,359,Uncompress
1_extracted\union\00360.bin,,360,Uncompress
1_extracted\union\00361.bin,,361,Uncompress
1_extracted\union\00362.bin,,362,Uncompress
1_extracted\union\00363.bin,,363,Uncompress
1_extracted\union\00364.bin,,364,Uncompress
1_extracted\union\00365.bin,,365,Uncompress
1_extracted\union\00366.bin,,366,Uncompress
1_extracted\union\00367.bin,,367,Uncompress
1_extracted\union\00368.bin,,368,Uncompress
1_extracted\union\00369.bin,,369,Uncompress
1_extracted\union\00370.bin,,370,Uncompress
1_extracted\union\00371.bin,,371,Uncompress
1_extracted\union\00372.bin,,372,Uncompress
1_extracted\union\00373.bin,,373,Uncompress
1_extracted\union\00374.bin,,374,Uncompress
1_extracted\union\00375.bin,,375,Uncompress
1_extracted\union\00376.bin,,376,Uncompress
1_extracted\union\00377.bin,,377,Uncompress
1_extracted\union\00378.bin,,378,Uncompress
1_extracted\union\00379.bin,,379,Uncompress
1_extracted\union\00380.bin,,380,Uncompress
1_extracted\union\00381.bin,,381,Uncompress
1_extracted\union\00382.bin,,382,Uncompress
1_extracted\union\00383.bin,,383,Uncompress
1_extracted\union\00384.bin,,384,Uncompress
1_extracted\union\00385.bin,,385,Uncompress
1_extracted\union\00386.bin,,386,Uncompress
1_extracted\union\00387.bin,,387,Uncompress
1_extracted\union\00388.bin,,388,Uncompress
1_extracted\union\00389.bin,,389,Uncompress
1_extracted\union\00390.bin,,390,Uncompress
1_extracted\union\00391.bin,,391,Uncompress
1_extracted\union\00392.bin,,392,Uncompress
1_extracted\union\00393.bin,,393,Uncompress
1_extracted\union\00394.bin,,394,Uncompress
1_extracted\union\00395.bin,,395,Uncompress
1_extracted\union\00396.bin,,396,Uncompress
1_extracted\union\00397.bin,,397,Uncompress
1_extracted\union\00398.bin,,398,Uncompress
1_extracted\union\00399.bin,,399,Uncompress
1_extracted\union\00400.bin,,400,Uncompress
1_extracted\union\00401.bin,,401,Uncompress
1_extracted\union\00402.bin,,402,Uncompress
1_extracted\union\00403.bin,,403,Uncompress
1_extracted\union\00404.bin,,404,Uncompress
1_extracted\union\00405.bin,,405,Uncompress
1_extracted\union\00406.bin,,406,Uncompress
1_extracted\union\00407.bin,,407,Uncompress
1_extracted\union\00408.bin,,408,Uncompress
1_extracted\union\00409.bin,,409,Uncompress
1_extracted\union\00410.bin,,410,Uncompress
1_extracted\union\00411.bin,,411,Uncompress
1_extracted\union\00412.bin,,412,Uncompress
1_extracted\union\00413.bin,,413,Uncompress
1_extracted\union\00414.bin,,414,Uncompress
1_extracted\union\00415.bin,,415,Uncompress
1_extracted\union\00416.bin,,416,Uncompress
1_extracted\union\00417.bin,,417,Uncompress
1_extracted\union\00418.bin,,418,Uncompress
1_extracted\union\00419.bin,,419,Uncompress
1_extracted\union\00420.bin,,420,Uncompress
1_extracted\union\00421.bin,,421,Uncompress
1_extracted\union\00422.bin,,422,Uncompress
1_extracted\union\00423.bin,,423,Uncompress
1_extracted\union\00424.bin,,424,Uncompress
1_extracted\union\00425.bin,,425,Uncompress
1_extracted\union\00426.bin,,426,Uncompress
1_extracted\union\00427.bin,,427,Uncompress
1_extracted\union\00428.bin,,428,Uncompress
1_extracted\union\00429.bin,,429,Uncompress
1_extracted\union\00430.bin,,430,Uncompress
1_extracted\union\00431.bin,,431,Uncompress
1_extracted\union\00432.bin,,432,Uncompress
1_extracted\union\00433.bin,,433,Uncompress
1_extracted\union\00434.bin,,434,Uncompress
1_extracted\union\00435.bin,,435,Uncompress
1_extracted\union\00436.bin,,436,Uncompress
1_extracted\union\00437.bin,,437,Uncompress
1_extracted\union\00438.bin,,438,Uncompress
1_extracted\union\00439.bin,,439,Uncompress
1_extracted\union\00440.bin,,440,Uncompress
1_extracted\union\00441.bin,,441,Uncompress
1_extracted\union\00442.bin,,442,Uncompress
1_extracted\union\00443.bin,,443,Uncompress
1_extracted\union\00444.bin,,444,Uncompress
1_extracted\union\00445.bin,,445,Uncompress
1_extracted\union\00446.bin,,446,Uncompress
1_extracted\union\00447.bin,,447,Uncompress
1_extracted\union\00448.bin,,448,Uncompress
1_extracted\union\00449.bin,,449,Uncompress
1_extracted\union\00450.bin,,450,Uncompress
1_extracted\union\00451.bin,,451,Uncompress
1_extracted\union\00452.bin,,452,Uncompress
1_extracted\union\00453.bin,,453,Uncompress
1_extracted\union\00454.bin,,454,Uncompress
1_extracted\union\00455.bin,,455,Uncompress
1_extracted\union\00456.bin,,456,Uncompress
1_extracted\union\00457.bin,,457,Uncompress
1_extracted\union\00458.bin,,458,Uncompress
1_extracted\union\00459.bin,,459,Uncompress
1_extracted\union\00460.bin,,460,Uncompress
1_extracted\union\00461.bin,,461,Uncompress
1_extracted\union\00462.bin,,462,Uncompress
1_extracted\union\00463.bin,,463,Uncompress
1_extracted\union\00464.bin,,464,Uncompress
1_extracted\union\00465.bin,,465,Uncompress
1_extracted\union\00466.bin,,466,Uncompress
1_extracted\union\00467.bin,,467,Uncompress
1_extracted\union\00468.bin,,468,Uncompress
1_extracted\union\00469.bin,,469,Uncompress
1_extracted\union\00470.bin,,470,Uncompress
1_extracted\union\00471.bin,,471,Uncompress
1_extracted\union\00472.bin,,472,Uncompress
1_extracted\union\00473.bin,,473,Uncompress
1_extracted\union\00474.bin,,474,Uncompress
1_extracted\union\00475.bin,,475,Uncompress
1_extracted\union\00476.bin,,476,Uncompress
1_extracted\union\00477.bin,,477,Uncompress
1_extracted\union\00478.bin,,478,Uncompress
1_extracted\union\00479.bin,,479,Uncompress
1_extracted\union\00480.bin,,480,Uncompress
1_extracted\union\00481.bin,,481,Uncompress
1_extracted\union\00482.bin,,482,Uncompress
1_extracted\union\00483.bin,,483,Uncompress
1_extracted\union\00484.bin,,484,Uncompress
1_extracted\union\00485.bin,,485,Uncompress
1_extracted\union\00486.bin,,486,Uncompress
1_extracted\union\00487.bin,,487,Uncompress
1_extracted\union\00488.bin,,488,Uncompress
1_extracted\union\00489.bin,,489,Uncompress
1_extracted\union\00490.bin,,490,Uncompress
1_extracted\union\00491.bin,,491,Uncompress
1_extracted\union\00492.bin,,492,Uncompress
1_extracted\union\00493.bin,,493,Uncompress
1_extracted\union\00494.bin,,494,Uncompress
1_extracted\union\00495.bin,,495,Uncompress
1_extracted\union\00496.bin,,496,Uncompress
1_extracted\union\00497.bin,,497,Uncompress
1_extracted\union\00498.bin,,498,Uncompress
1_extracted\union\00499.bin,,499,Uncompress
1_extracted\union\00500.bin,,500,Uncompress
1_extracted\union\00501.bin,,501,Uncompress
1_extracted\union\00502.bin,,502,Uncompress
1_extracted\union\00503.bin,,503,Uncompress
1_extracted\union\00504.bin,,504,Uncompress
1_extracted\union\00505.bin,,505,Uncompress
1_extracted\union\00506.bin,,506,Uncompress
1_extracted\union\00507.bin,,507,Uncompress
1_extracted\union\00508.bin,,508,Uncompress
1_extracted\union\00509.bin,,509,Uncompress
1_extracted\union\00510.bin,,510,Uncompress
1_extracted\union\00511.bin,,511,Uncompress
1_extracted\union\00512.bin,,512,Uncompress
1_extracted\union\00513.bin,,513,Uncompress
1_extracted\union\00514.bin,,514,Uncompress
1_extracted\union\00515.bin,,515,Uncompress
1_extracted\union\00516.bin,,516,Uncompress
1_extracted\union\00517.bin,,517,Uncompress
1_extracted\union\00518.bin,,518,Uncompress
1_extracted\union\00519.bin,,519,Uncompress
1_extracted\union\00520.bin,,520,Uncompress
1_extracted\union\00521.bin,,521,Uncompress
1_extracted\union\00522.bin,,522,Uncompress
1_extracted\union\00523.bin,,523,Uncompress
1_extracted\union\00524.bin,,524,Uncompress
1_extracted\union\00525.bin,,525,Uncompress
1_extracted\union\00526.bin,,526,Uncompress
1_extracted\union\00527.bin,,527,Uncompress
1_extracted\union\00528.bin,,528,Uncompress
1_extracted\union\00529.bin,,529,Uncompress
1_extracted\union\00530.bin,,530,Uncompress
1_extracted\union\00531.bin,,531,Uncompress
1_extracted\union\00532.bin,,532,Uncompress
1_extracted\union\00533.bin,,533,Uncompress
1_extracted\union\00534.bin,,534,Uncompress
1_extracted\union\00535.bin,,535,Uncompress
1_extracted\union\00536.bin,,536,Uncompress
1_extracted\union\00537.bin,,537,Uncompress
1_extracted\union\00538.bin,,538,Uncompress
1_extracted\union\00539.bin,,539,Uncompress
1_extracted\union\00540.bin,,540,Uncompress
1_extracted\union\00541.bin,,541,Uncompress
1_extracted\union\00542.bin,,542,Uncompress
1_extracted\union\00543.bin,,543,Uncompress
1_extracted\union\00544.bin,,544,Uncompress
1_extracted\union\00545.bin,,545,Uncompress
1_extracted\union\00546.bin,,546,Uncompress
1_extracted\union\00547.bin,,547,Uncompress
1_extracted\union\00548.bin,,548,Uncompress
1_extracted\union\00549.bin,,549,Uncompress
1_extracted\union\00550.bin,,550,Uncompress
1_extracted\union\00551.bin,,551,Uncompress
1_extracted\union\00552.bin,,552,Uncompress
1_extracted\union\00553.bin,,553,Uncompress
1_extracted\union\00554.bin,,554,Uncompress
1_extracted\union\00555.bin,,555,Uncompress
1_extracted\union\00556.bin,,556,Uncompress
1_extracted\union\00557.bin,,557,Uncompress
1_extracted\union\00558.bin,,558,Uncompress
1_extracted\union\00559.bin,,559,Uncompress
1_extracted\union\00560.bin,,560,Uncompress
1_extracted\union\00561.bin,,561,Uncompress
1_extracted\union\00562.bin,,562,Uncompress
1_extracted\union\00563.bin,,563,Uncompress
1_extracted\union\00564.bin,,564,Uncompress
1_extracted\union\00565.bin,,565,Uncompress
1_extracted\union\00566.bin,,566,Uncompress
1_extracted\union\00567.bin,,567,Uncompress
1_extracted\union\00568.bin,,568,Uncompress
1_extracted\union\00569.bin,,569,Uncompress
1_extracted\union\00570.bin,,570,Uncompress
1_extracted\union\00571.bin,,571,Uncompress
1_extracted\union\00572.bin,,572,Uncompress
1_extracted\union\00573.bin,,573,Uncompress
1_extracted\union\00574.bin,,574,Uncompress
1_extracted\union\00575.bin,,575,Uncompress
1_extracted\union\00576.bin,,576,Uncompress
1_extracted\union\00577.bin,,577,Uncompress
1_extracted\union\00578.bin,,578,Uncompress
1_extracted\union\00579.bin,,579,Uncompress
1_extracted\union\00580.bin,,580,Uncompress
1_extracted\union\00581.bin,,581,Uncompress
1_extracted\union\00582.bin,,582,Uncompress
1_extracted\union\00583.bin,,583,Uncompress
1_extracted\union\00584.bin,,584,Uncompress
1_extracted\union\00585.bin,,585,Uncompress
1_extracted\union\00586.bin,,586,Uncompress
1_extracted\union\00587.bin,,587,Uncompress
1_extracted\union\00588.bin,,588,Uncompress
1_extracted\union\00589.bin,,589,Uncompress
1_extracted\union\00590.bin,,590,Uncompress
1_extracted\union\00591.bin,,591,Uncompress
1_extracted\union\00592.bin,,592,Uncompress
1_extracted\union\00593.bin,,593,Uncompress
1_extracted\union\00594.bin,,594,Uncompress
1_extracted\union\00595.bin,,595,Uncompress
1_extracted\union\00596.bin,,596,Uncompress
1_extracted\union\00597.bin,,597,Uncompress
1_extracted\union\00598.bin,,598,Uncompress
1_extracted\union\00599.bin,,599,Uncompress
1_extracted\union\00600.bin,,600,Uncompress
1_extracted\union\00601.bin,,601,Uncompress
1_extracted\union\00602.bin,,602,Uncompress
1_extracted\union\00603.bin,,603,Uncompress
1_extracted\union\00604.bin,,604,Uncompress
1_extracted\union\00605.bin,,605,Uncompress
1_extracted\union\00606.bin,,606,Uncompress
1_extracted\union\00607.bin,,607,Uncompress
1_extracted\union\00608.bin,,608,Uncompress
1_extracted\union\00609.bin,,609,Uncompress
1_extracted\union\00610.bin,,610,Uncompress
1_extracted\union\00611.bin,,611,Uncompress
1_extracted\union\00612.bin,,612,Uncompress
1_extracted\union\00613.bin,,613,Uncompress
1_extracted\union\00614.bin,,614,Uncompress
1_extracted\union\00615.bin,,615,Uncompress
1_extracted\union\00616.bin,,616,Uncompress
1_extracted\union\00617.bin,,617,Uncompress
1_extracted\union\00618.bin,,618,Uncompress
1_extracted\union\00619.bin,,619,Uncompress
1_extracted\union\00620.bin,,620,Uncompress
1_extracted\union\00621.bin,,621,Uncompress
1_extracted\union\00622.bin,,622,Uncompress
1_extracted\union\00623.bin,,623,Uncompress
1_extracted\union\00624.bin,,624,Uncompress
1_extracted\union\00625.bin,,625,Uncompress
1_extracted\union\00626.bin,,626,Uncompress
1_extracted\union\00627.bin,,627,Uncompress
1_extracted\union\00628.bin,,628,Uncompress
1_extracted\union\00629.bin,,629,Uncompress
1_extracted\union\00630.bin,,630,Uncompress
1_extracted\union\00631.bin,,631,Uncompress
1_extracted\union\00632.bin,,632,Uncompress
1_extracted\union\00633.bin,,633,Uncompress
1_extracted\union\00634.bin,,634,Uncompress
1_extracted\union\00635.bin,,635,Uncompress
1_extracted\union\00636.bin,,636,Uncompress
1_extracted\union\00637.bin,,637,Uncompress
1_extracted\union\00638.bin,,638,Uncompress
1_extracted\union\00639.bin,,639,Uncompress
1_extracted\union\00640.bin,,640,Uncompress
1_extracted\union\00641.bin,,641,Uncompress
1_extracted\union\00642.bin,,642,Uncompress
1_extracted\union\00643.bin,,643,Uncompress
1_extracted\union\00644.bin,,644,Uncompress
1_extracted\union\00645.bin,,645,Uncompress
1_extracted\union\00646.bin,,646,Uncompress
1_extracted\union\00647.bin,,647,Uncompress
1_extracted\union\00648.bin,,648,Uncompress
1_extracted\union\00649.bin,,649,Uncompress
1_extracted\union\00650.bin,,650,Uncompress
1_extracted\union\00651.bin,,651,Uncompress
1_extracted\union\00652.bin,,652,Uncompress
1_extracted\union\00653.bin,,653,Uncompress
1_extracted\union\00654.bin,,654,Uncompress
1_extracted\union\00655.bin,,655,Uncompress
1_extracted\union\00656.bin,,656,Uncompress
1_extracted\union\00657.bin,,657,Uncompress
1_extracted\union\00658.bin,,658,Uncompress
1_extracted\union\00659.bin,,659,Uncompress
1_extracted\union\00660.bin,,660,Uncompress
1_extracted\union\00661.bin,,661,Uncompress
1_extracted\union\00662.bin,,662,Uncompress
1_extracted\union\00663.bin,,663,Uncompress
1_extracted\union\00664.bin,,664,Uncompress
1_extracted\union\00665.bin,,665,Uncompress
1_extracted\union\00666.bin,,666,Uncompress
1_extracted\union\00667.bin,,667,Uncompress
1_extracted\union\00668.bin,,668,Uncompress
1_extracted\union\00669.bin,,669,Uncompress
1_extracted\union\00670.bin,,670,Uncompress
1_extracted\union\00671.bin,,671,Uncompress
1_extracted\union\00672.bin,,672,Uncompress
1_extracted\union\00673.bin,,673,Uncompress
1_extracted\union\00674.bin,,674,Uncompress
1_extracted\union\00675.bin,,675,Uncompress
1_extracted\union\00676.bin,,676,Uncompress
1_extracted\union\00677.bin,,677,Uncompress
1_extracted\union\00678.bin,,678,Uncompress
1_extracted\union\00679.bin,,679,Uncompress
1_extracted\union\00680.bin,,680,Uncompress
1_extracted\union\00681.bin,,681,Uncompress
1_extracted\union\00682.bin,,682,Uncompress
1_extracted\union\00683.bin,,683,Uncompress
1_extracted\union\00684.bin,,684,Uncompress
1_extracted\union\00685.bin,,685,Uncompress
1_extracted\union\00686.bin,,686,Uncompress
1_extracted\union\00687.bin,,687,Uncompress
1_extracted\union\00688.bin,,688,Uncompress
1_extracted\union\00689.bin,,689,Uncompress
1_extracted\union\00690.bin,,690,Uncompress
1_extracted\union\00691.bin,,691,Uncompress
1_extracted\union\00692.bin,,692,Uncompress
1_extracted\union\00693.bin,,693,Uncompress
1_extracted\union\00694.bin,,694,Uncompress
1_extracted\union\00695.bin,,695,Uncompress
1_extracted\union\00696.bin,,696,Uncompress
1_extracted\union\00697.bin,,697,Uncompress
1_extracted\union\00698.bin,,698,Uncompress
1_extracted\union\00699.bin,,699,Uncompress
1_extracted\union\00700.bin,,700,Uncompress
1_extracted\union\00701.bin,,701,Uncompress
1_extracted\union\00702.bin,,702,Uncompress
1_extracted\union\00703.bin,,703,Uncompress
1_extracted\union\00704.bin,,704,Uncompress
1_extracted\union\00705.bin,,705,Uncompress
1_extracted\union\00706.bin,,706,Uncompress
1_extracted\union\00707.bin,,707,Uncompress
1_extracted\union\00708.bin,,708,Uncompress
1_extracted\union\00709.bin,,709,Uncompress
1_extracted\union\00710.bin,,710,Uncompress
1_extracted\union\00711.bin,,711,Uncompress
1_extracted\union\00712.bin,,712,Uncompress
1_extracted\union\00713.bin,,713,Uncompress
1_extracted\union\00714.bin,,714,Uncompress
1_extracted\union\00715.bin,,715,Uncompress
1_extracted\union\00716.bin,,716,Uncompress
1_extracted\union\00717.bin,,717,Uncompress
1_extracted\union\00718.bin,,718,Uncompress
1_extracted\union\00719.bin,,719,Uncompress
1_extracted\union\00720.bin,,720,Uncompress
1_extracted\union\00721.bin,,721,Uncompress
1_extracted\union\00722.bin,,722,Uncompress
1_extracted\union\00723.bin,,723,Uncompress
1_extracted\union\00724.bin,,724,Uncompress
1_extracted\union\00725.bin,,725,Uncompress
1_extracted\union\00726.bin,,726,Uncompress
1_extracted\union\00727.bin,,727,Uncompress
1_extracted\union\00728.bin,,728,Uncompress
1_extracted\union\00729.bin,,729,Uncompress
1_extracted\union\00730.bin,,730,Uncompress
1_extracted\union\00731.bin,,731,Uncompress
1_extracted\union\00732.bin,,732,Uncompress
1_extracted\union\00733.bin,,733,Uncompress
1_extracted\union\00734.bin,,734,Uncompress
1_extracted\union\00735.bin,,735,Uncompress
1_extracted\union\00736.bin,,736,Uncompress
1_extracted\union\00737.bin,,737,Uncompress
1_extracted\union\00738.bin,,738,Uncompress
1_extracted\union\00739.bin,,739,Uncompress
1_extracted\union\00740.bin,,740,Uncompress
1_extracted\union\00741.bin,,741,Uncompress
1_extracted\union\00742.bin,,742,Uncompress
1_extracted\union\00743.bin,,743,Uncompress
1_extracted\union\00744.bin,,744,Uncompress
1_extracted\union\00745.bin,,745,Uncompress
1_extracted\union\00746.bin,,746,Uncompress
1_extracted\union\00747.bin,,747,Uncompress
1_extracted\union\00748.bin,,748,Uncompress
1_extracted\union\00749.bin,,749,Uncompress
1_extracted\union\00750.bin,,750,Uncompress
1_extracted\union\00751.bin,,751,Uncompress
1_extracted\union\00752.bin,,752,Uncompress
1_extracted\union\00753.bin,,753,Uncompress
1_extracted\union\00754.bin,,754,Uncompress
1_extracted\union\00755.bin,,755,Uncompress
1_extracted\union\00756.bin,,756,Uncompress
1_extracted\union\00757.bin,,757,Uncompress
1_extracted\union\00758.bin,,758,Uncompress
1_extracted\union\00759.bin,,759,Uncompress
1_extracted\union\00760.bin,,760,Uncompress
1_extracted\union\00761.bin,,761,Uncompress
1_extracted\union\00762.bin,,762,Uncompress
1_extracted\union\00763.bin,,763,Uncompress
1_extracted\union\00764.bin,,764,Uncompress
1_extracted\union\00765.bin,,765,Uncompress
1_extracted\union\00766.bin,,766,Uncompress
1_extracted\union\00767.bin,,767,Uncompress
1_extracted\union\00768.bin,,768,Uncompress
1_extracted\union\00769.bin,,769,Uncompress
1_extracted\union\00770.bin,,770,Uncompress
1_extracted\union\00771.bin,,771,Uncompress
1_extracted\union\00772.bin,,772,Uncompress
1_extracted\union\00773.bin,,773,Uncompress
1_extracted\union\00774.bin,,774,Uncompress
1_extracted\union\00775.bin,,775,Uncompress
1_extracted\union\00776.bin,,776,Uncompress
1_extracted\union\00777.bin,,777,Uncompress
1_extracted\union\00778.bin,,778,Uncompress
1_extracted\union\00779.bin,,779,Uncompress
1_extracted\union\00780.bin,,780,Uncompress
1_extracted\union\00781.bin,,781,Uncompress
1_extracted\union\00782.bin,,782,Uncompress
1_extracted\union\00783.bin,,783,Uncompress
1_extracted\union\00784.bin,,784,Uncompress
1_extracted\union\00785.bin,,785,Uncompress
1_extracted\union\00786.bin,,786,Uncompress
1_extracted\union\00787.bin,,787,Uncompress
1_extracted\union\00788.bin,,788,Uncompress
1_extracted\union\00789.bin,,789,Uncompress
1_extracted\union\00790.bin,,790,Uncompress
1_extracted\union\00791.bin,,791,Uncompress
1_extracted\union\00792.bin,,792,Uncompress
1_extracted\union\00793.bin,,793,Uncompress
1_extracted\union\00794.bin,,794,Uncompress
1_extracted\union\00795.bin,,795,Uncompress
1_extracted\union\00796.bin,,796,Uncompress
1_extracted\union\00797.bin,,797,Uncompress
1_extracted\union\00798.bin,,798,Uncompress
1_extracted\union\00799.bin,,799,Uncompress
1_extracted\union\00800.bin,,800,Uncompress
1_extracted\union\00801.bin,,801,Uncompress
1_extracted\union\00802.bin,,802,Uncompress
1_extracted\union\00803.bin,,803,Uncompress
1_extracted\union\00804.bin,,804,Uncompress
1_extracted\union\00805.bin,,805,Uncompress
1_extracted\union\00806.bin,,806,Uncompress
1_extracted\union\00807.bin,,807,Uncompress
1_extracted\union\00808.bin,,808,Uncompress
1_extracted\union\00809.bin,,809,Uncompress
1_extracted\union\00810.bin,,810,Uncompress
1_extracted\union\00811.bin,,811,Uncompress
1_extracted\union\00812.bin,,812,Uncompress
1_extracted\union\00813.bin,,813,Uncompress
1_extracted\union\00814.bin,,814,Uncompress
1_extracted\union\00815.bin,,815,Uncompress
1_extracted\union\00816.bin,,816,Uncompress
1_extracted\union\00817.bin,,817,Uncompress
1_extracted\union\00818.bin,,818,Uncompress
1_extracted\union\00819.bin,,819,Uncompress
1_extracted\union\00820.bin,,820,Uncompress
1_extracted\union\00821.bin,,821,Uncompress
1_extracted\union\00822.bin,,822,Uncompress
1_extracted\union\00823.bin,,823,Uncompress
1_extracted\union\00824.bin,,824,Uncompress
1_extracted\union\00825.bin,,825,Uncompress
1_extracted\union\00826.bin,,826,Uncompress
1_extracted\union\00827.bin,,827,Uncompress
1_extracted\union\00828.bin,,828,Uncompress
1_extracted\union\00829.bin,,829,Uncompress
1_extracted\union\00830.bin,,830,Uncompress
1_extracted\union\00831.bin,,831,Uncompress
1_extracted\union\00832.bin,,832,Uncompress
1_extracted\union\00833.bin,,833,Uncompress
1_extracted\union\00834.bin,,834,Uncompress
1_extracted\union\00835.bin,,835,Uncompress
1_extracted\union\00836.bin,,836,Uncompress
1_extracted\union\00837.bin,,837,Uncompress
1_extracted\union\00838.bin,,838,Uncompress
1_extracted\union\00839.bin,,839,Uncompress
1_extracted\union\00840.bin,,840,Uncompress
1_extracted\union\00841.bin,,841,Uncompress
1_extracted\union\00842.bin,,842,Uncompress
1_extracted\union\00843.bin,,843,Uncompress
1_extracted\union\00844.bin,,844,Uncompress
1_extracted\union\00845.bin,,845,Uncompress
1_extracted\union\00846.bin,,846,Uncompress
1_extracted\union\00847.bin,,847,Uncompress
1_extracted\union\00848.bin,,848,Uncompress
1_extracted\union\00849.bin,,849,Uncompress
1_extracted\union\00850.bin,,850,Uncompress
1_extracted\union\00851.bin,,851,Uncompress
1_extracted\union\00852.bin,,852,Uncompress
1_extracted\union\00853.bin,,853,Uncompress
1_extracted\union\00854.bin,,854,Uncompress
1_extracted\union\00855.bin,,855,Uncompress
1_extracted\union\00856.bin,,856,Uncompress
1_extracted\union\00857.bin,,857,Uncompress
1_extracted\union\00858.bin,,858,Uncompress
1_extracted\union\00859.bin,,859,Uncompress
1_extracted\union\00860.bin,,860,Uncompress
1_extracted\union\00861.bin,,861,Uncompress
1_extracted\union\00862.bin,,862,Uncompress
1_extracted\union\00863.bin,,863,Uncompress
1_extracted\union\00864.bin,,864,Uncompress
1_extracted\union\00865.bin,,865,Uncompress
1_extracted\union\00866.bin,,866,Uncompress
1_extracted\union\00867.bin,,867,Uncompress
1_extracted\union\00868.bin,,868,Uncompress
1_extracted\union\00869.bin,,869,Uncompress
1_extracted\union\00870.bin,,870,Uncompress
1_extracted\union\00871.bin,,871,Uncompress
1_extracted\union\00872.bin,,872,Uncompress
1_extracted\union\00873.bin,,873,Uncompress
1_extracted\union\00874.bin,,874,Uncompress
1_extracted\union\00875.bin,,875,Uncompress
1_extracted\union\00876.bin,,876,Uncompress
1_extracted\union\00877.bin,,877,Uncompress
1_extracted\union\00878.bin,,878,Uncompress
1_extracted\union\00879.bin,,879,Uncompress
1_extracted\union\00880.bin,,880,Uncompress
1_extracted\union\00881.bin,,881,Uncompress
1_extracted\union\00882.bin,,882,Uncompress
1_extracted\union\00883.bin,,883,Uncompress
1_extracted\union\00884.bin,,884,Uncompress
1_extracted\union\00885.bin,,885,Uncompress
1_extracted\union\00886.bin,,886,Uncompress
1_extracted\union\00887.bin,,887,Uncompress
1_extracted\union\00888.bin,,888,Uncompress
1_extracted\union\00889.bin,,889,Uncompress
1_extracted\union\00890.bin,,890,Uncompress
1_extracted\union\00891.bin,,891,Uncompress
1_extracted\union\00892.bin,,892,Uncompress
1_extracted\union\00893.bin,,893,Uncompress
1_extracted\union\00894.bin,,894,Uncompress
1_extracted\union\00895.bin,,895,Uncompress
1_extracted\union\00896.bin,,896,Uncompress
1_extracted\union\00897.bin,,897,Uncompress
1_extracted\union\00898.bin,,898,Uncompress
1_extracted\union\00899.bin,,899,Uncompress
1_extracted\union\00900.bin,,900,Uncompress
1_extracted\union\00901.bin,,901,Uncompress
1_extracted\union\00902.bin,,902,Uncompress
1_extracted\union\00903.bin,,903,Uncompress
1_extracted\union\00904.bin,,904,Uncompress
1_extracted\union\00905.bin,,905,Uncompress
1_extracted\union\00906.bin,,906,Uncompress
1_extracted\union\00907.bin,,907,Uncompress
1_extracted\union\00908.bin,,908,Uncompress
1_extracted\union\00909.bin,,909,Uncompress
1_extracted\union\00910.bin,,910,Uncompress
1_extracted\union\00911.bin,,911,Uncompress
1_extracted\union\00912.bin,,912,Uncompress
1_extracted\union\00913.bin,,913,Uncompress
1_extracted\union\00914.bin,,914,Uncompress
1_extracted\union\00915.bin,,915,Uncompress
1_extracted\union\00916.bin,,916,Uncompress
1_extracted\union\00917.bin,,917,Uncompress
1_extracted\union\00918.bin,,918,Uncompress
1_extracted\union\00919.bin,,919,Uncompress
1_extracted\union\00920.bin,,920,Uncompress
1_extracted\union\00921.bin,,921,Uncompress
1_extracted\union\00922.bin,,922,Uncompress
1_extracted\union\00923.bin,,923,Uncompress
1_extracted\union\00924.bin,,924,Uncompress
1_extracted\union\00925.bin,,925,Uncompress
1_extracted\union\00926.bin,,926,Uncompress
1_extracted\union\00927.bin,,927,Uncompress
1_extracted\union\00928.bin,,928,Uncompress
1_extracted\union\00929.bin,,929,Uncompress
1_extracted\union\00930.bin,,930,Uncompress
1_extracted\union\00931.bin,,931,Uncompress
1_extracted\union\00932.bin,,932,Uncompress
1_extracted\union\00933.bin,,933,Uncompress
1_extracted\union\00934.bin,,934,Uncompress
1_extracted\union\00935.bin,,935,Uncompress
1_extracted\union\00936.bin,,936,Uncompress
1_extracted\union\00937.bin,,937,Uncompress
1_extracted\union\00938.bin,,938,Uncompress
1_extracted\union\00939.bin,,939,Uncompress
1_extracted\union\00940.bin,,940,Uncompress
1_extracted\union\00941.bin,,941,Uncompress
1_extracted\union\00942.bin,,942,Uncompress
1_extracted\union\00943.bin,,943,Uncompress
1_extracted\union\00944.bin,,944,Uncompress
1_extracted\union\00945.bin,,945,Uncompress
1_extracted\union\00946.bin,,946,Uncompress
1_extracted\union\00947.bin,,947,Uncompress
1_extracted\union\00948.bin,,948,Uncompress
1_extracted\union\00949.bin,,949,Uncompress
1_extracted\union\00950.bin,,950,Uncompress
1_extracted\union\00951.bin,,951,Uncompress
1_extracted\union\00952.bin,,952,Uncompress
1_extracted\union\00953.bin,,953,Uncompress
1_extracted\union\00954.bin,,954,Uncompress
1_extracted\union\00955.bin,,955,Uncompress
1_extracted\union\00956.bin,,956,Uncompress
1_extracted\union\00957.bin,,957,Uncompress
1_extracted\union\00958.bin,,958,Uncompress
1_extracted\union\00959.bin,,959,Uncompress
1_extracted\union\00960.bin,,960,Uncompress
1_extracted\union\00961.bin,,961,Uncompress
1_extracted\union\00962.bin,,962,Uncompress
1_extracted\union\00963.bin,,963,Uncompress
1_extracted\union\00964.bin,,964,Uncompress
1_extracted\union\00965.bin,,965,Uncompress
1_extracted\union\00966.bin,,966,Uncompress
1_extracted\union\00967.bin,,967,Uncompress
1_extracted\union\00968.bin,,968,Uncompress
1_extracted\union\00969.bin,,969,Uncompress
1_extracted\union\00970.bin,,970,Uncompress
1_extracted\union\00971.bin,,971,Uncompress
1_extracted\union\00972.bin,,972,Uncompress
1_extracted\union\00973.bin,,973,Uncompress
1_extracted\union\00974.bin,,974,Uncompress
1_extracted\union\00975.bin,,975,Uncompress
1_extracted\union\00976.bin,,976,Uncompress
1_extracted\union\00977.bin,,977,Uncompress
1_extracted\union\00978.bin,,978,Uncompress
1_extracted\union\00979.bin,,979,Uncompress
1_extracted\union\00980.bin,,980,Uncompress
1_extracted\union\00981.bin,,981,Uncompress
1_extracted\union\00982.bin,,982,Uncompress
1_extracted\union\00983.bin,,983,Uncompress
1_extracted\union\00984.bin,,984,Uncompress
1_extracted\union\00985.bin,,985,Uncompress
1_extracted\union\00986.bin,,986,Uncompress
1_extracted\union\00987.bin,,987,Uncompress
1_extracted\union\00988.bin,,988,Uncompress
1_extracted\union\00989.bin,,989,Uncompress
1_extracted\union\00990.bin,,990,Uncompress
1_extracted\union\00991.bin,,991,Uncompress
1_extracted\union\00992.bin,,992,Uncompress
1_extracted\union\00993.bin,,993,Uncompress
1_extracted\union\00994.bin,,994,Uncompress
1_extracted\union\00995.bin,,995,Uncompress
1_extracted\union\00996.bin,,996,Uncompress
1_extracted\union\00997.bin,,997,Uncompress
1_extracted\union\00998.bin,,998,Uncompress
1_extracted\union\00999.bin,,999,Uncompress
1_extracted\union\01000.bin,,1000,Uncompress
1_extracted\union\01001.bin,,1001,Uncompress
1_extracted\union\01002.bin,,1002,Uncompress
1_extracted\union\01003.bin,,1003,Uncompress
1_extracted\union\01004.bin,,1004,Uncompress
1_extracted\union\01005.bin,,1005,Uncompress
1_extracted\union\01006.bin,,1006,Uncompress
1_extracted\union\01007.bin,,1007,Uncompress
1_extracted\union\01008.bin,,1008,Uncompress
1_extracted\union\01009.bin,,1009,Uncompress
1_extracted\union\01010.bin,,1010,Uncompress
1_extracted\union\01011.bin,,1011,Uncompress
1_extracted\union\01012.bin,,1012,Uncompress
1_extracted\union\01013.bin,,1013,Uncompress
1_extracted\union\01014.bin,,1014,Uncompress
1_extracted\union\01015.bin,,1015,Uncompress
1_extracted\union\01016.bin,,1016,Uncompress
1_extracted\union\01017.bin,,1017,Uncompress
1_extracted\union\01018.bin,,1018,Uncompress
1_extracted\union\01019.bin,,1019,Uncompress
1_extracted\union\01020.bin,,1020,Uncompress
1_extracted\union\01021.bin,,1021,Uncompress
1_extracted\union\01022.bin,,1022,Uncompress
1_extracted\union\01023.bin,,1023,Uncompress
1_extracted\union\01024.bin,,1024,Uncompress
1_extracted\union\01025.bin,,1025,Uncompress
1_extracted\union\01026.bin,,1026,Uncompress
1_extracted\union\01027.bin,,1027,Uncompress
1_extracted\union\01028.bin,,1028,Uncompress
1_extracted\union\01029.bin,,1029,Uncompress
1_extracted\union\01030.bin,,1030,Uncompress
1_extracted\union\01031.bin,,1031,Uncompress
1_extracted\union\01032.bin,,1032,Uncompress
1_extracted\union\01033.bin,,1033,Uncompress
1_extracted\union\01034.bin,,1034,Uncompress
1_extracted\union\01035.bin,,1035,Uncompress
1_extracted\union\01036.bin,,1036,Uncompress
1_extracted\union\01037.bin,,1037,Uncompress
1_extracted\union\01038.bin,,1038,Uncompress
1_extracted\union\01039.bin,,1039,Uncompress
1_extracted\union\01040.bin,,1040,Uncompress
1_extracted\union\01041.bin,,1041,Uncompress
1_extracted\union\01042.bin,,1042,Uncompress
1_extracted\union\01043.bin,,1043,Uncompress
1_extracted\union\01044.bin,,1044,Uncompress
1_extracted\union\01045.bin,,1045,Uncompress
1_extracted\union\01046.bin,,1046,Uncompress
1_extracted\union\01047.bin,,1047,Uncompress
1_extracted\union\01048.bin,,1048,Uncompress
1_extracted\union\01049.bin,,1049,Uncompress
1_extracted\union\01050.bin,,1050,Uncompress
1_extracted\union\01051.bin,,1051,Uncompress
1_extracted\union\01052.bin,,1052,Uncompress
1_extracted\union\01053.bin,,1053,Uncompress
1_extracted\union\01054.bin,,1054,Uncompress
1_extracted\union\01055.bin,,1055,Uncompress
1_extracted\union\01056.bin,,1056,Uncompress
1_extracted\union\01057.bin,,1057,Uncompress
1_extracted\union\01058.bin,,1058,Uncompress
1_extracted\union\01059.bin,,1059,Uncompress
1_extracted\union\01060.bin,,1060,Uncompress
1_extracted\union\01061.bin,,1061,Uncompress
1_extracted\union\01062.bin,,1062,Uncompress
1_extracted\union\01063.bin,,1063,Uncompress
1_extracted\union\01064.bin,,1064,Uncompress
1_extracted\union\01065.bin,,1065,Uncompress
1_extracted\union\01066.bin,,1066,Uncompress
1_extracted\union\01067.bin,,1067,Uncompress
1_extracted\union\01068.bin,,1068,Uncompress
1_extracted\union\01069.bin,,1069,Uncompress
1_extracted\union\01070.bin,,1070,Uncompress
1_extracted\union\01071.bin,,1071,Uncompress
1_extracted\union\01072.bin,,1072,Uncompress
1_extracted\union\01073.bin,,1073,Uncompress
1_extracted\union\01074.bin,,1074,Uncompress
1_extracted\union\01075.bin,,1075,Uncompress
1_extracted\union\01076.bin,,1076,Uncompress
1_extracted\union\01077.bin,,1077,Uncompress
1_extracted\union\01078.bin,,1078,Uncompress
1_extracted\union\01079.bin,,1079,Uncompress
1_extracted\union\01080.bin,,1080,Uncompress
1_extracted\union\01081.bin,,1081,Uncompress
1_extracted\union\01082.bin,,1082,Uncompress
1_extracted\union\01083.bin,,1083,Uncompress
1_extracted\union\01084.bin,,1084,Uncompress
1_extracted\union\01085.bin,,1085,Uncompress
1_extracted\union\01086.bin,,1086,Uncompress
1_extracted\union\01087.bin,,1087,Uncompress
1_extracted\union\01088.bin,,1088,Uncompress
1_extracted\union\01089.bin,,1089,Uncompress
1_extracted\union\01090.bin,,1090,Uncompress
1_extracted\union\01091.bin,,1091,Uncompress
1_extracted\union\01092.bin,,1092,Uncompress
1_extracted\union\01093.bin,,1093,Uncompress
1_extracted\union\01094.bin,,1094,Uncompress
1_extracted\union\01095.bin,,1095,Uncompress
1_extracted\union\01096.bin,,1096,Uncompress
1_extracted\union\01097.bin,,1097,Uncompress
2_translated\union\01098.bin,,1098,Uncompress
2_translated\union\01099.bin,,1099,Uncompress
2_translated\union\01100.bin,,1100,Uncompress
2_translated\union\01101.bin,,1101,Uncompress
2_translated\union\01102.bin,,1102,Uncompress
2_translated\union\01103.bin,,1103,Uncompress
2_translated\union\01104.bin,,1104,Uncompress
1_extracted\union\01105.bin,,1105,Uncompress
1_extracted\union\01106.bin,,1106,Uncompress
1_extracted\union\01107.bin,,1107,Uncompress
1_extracted\union\01108.bin,,1108,Uncompress
1_extracted\union\01109.bin,,1109,Uncompress
1_extracted\union\01110.bin,,1110,Uncompress
1_extracted\union\01111.bin,,1111,Uncompress
1_extracted\union\01112.bin,,1112,Uncompress
1_extracted\union\01113.bin,,1113,Uncompress
1_extracted\union\01114.bin,,1114,Uncompress
1_extracted\union\01115.bin,,1115,Uncompress
1_extracted\union\01116.bin,,1116,Uncompress
1_extracted\union\01117.bin,,1117,Uncompress
1_extracted\union\01118.bin,,1118,Uncompress
1_extracted\union\01119.bin,,1119,Uncompress
1_extracted\union\01120.bin,,1120,Uncompress
1_extracted\union\01121.bin,,1121,Uncompress
1_extracted\union\01122.bin,,1122,Uncompress
1_extracted\union\01123.bin,,1123,Uncompress
1_extracted\union\01124.bin,,1124,Uncompress
1_extracted\union\01125.bin,,1125,Uncompress
1_extracted\union\01126.bin,,1126,Uncompress
1_extracted\union\01127.bin,,1127,Uncompress
1_extracted\union\01128.bin,,1128,Uncompress
1_extracted\union\01129.bin,,1129,Uncompress
1_extracted\union\01130.bin,,1130,Uncompress
1_extracted\union\01131.bin,,1131,Uncompress
1_extracted\union\01132.bin,,1132,Uncompress
1_extracted\union\01133.bin,,1133,Uncompress
1_extracted\union\01134.bin,,1134,Uncompress
1_extracted\union\01135.bin,,1135,Uncompress
1_extracted\union\01136.bin,,1136,Uncompress
1_extracted\union\01137.bin,,1137,Uncompress
1_extracted\union\01138.bin,,1138,Uncompress
1_extracted\union\01139.bin,,1139,Uncompress
1_extracted\union\01140.bin,,1140,Uncompress
1_extracted\union\01141.bin,,1141,Uncompress
1_extracted\union\01142.bin,,1142,Uncompress
1_extracted\union\01143.bin,,1143,Uncompress
1_extracted\union\01144.bin,,1144,Uncompress
1_extracted\union\01145.bin,,1145,Uncompress
1_extracted\union\01146.bin,,1146,Uncompress
2_translated\union\01147.bin,,1147,Uncompress
1_extracted\union\01148.bin,,1148,Uncompress
1_extracted\union\01149.bin,,1149,Uncompress
1_extracted\union\01150.bin,,1150,Uncompress
1_extracted\union\01151.bin,,1151,Uncompress
1_extracted\union\01152.bin,,1152,Uncompress
1_extracted\union\01153.bin,,1153,Uncompress
1_extracted\union\01154.bin,,1154,Uncompress
1_extracted\union\01155.bin,,1155,Uncompress
1_extracted\union\01156.bin,,1156,Uncompress
1_extracted\union\01157.bin,,1157,Uncompress
1_extracted\union\01158.bin,,1158,Uncompress
1_extracted\union\01159.bin,,1159,Uncompress
1_extracted\union\01160.bin,,1160,Uncompress
1_extracted\union\01161.bin,,1161,Uncompress
1_extracted\union\01162.bin,,1162,Uncompress
1_extracted\union\01163.bin,,1163,Uncompress
1_extracted\union\01164.bin,,1164,Uncompress
1_extracted\union\01165.bin,,1165,Uncompress
1_extracted\union\01166.bin,,1166,Uncompress
1_extracted\union\01167.bin,,1167,Uncompress
1_extracted\union\01168.bin,,1168,Uncompress
1_extracted\union\01169.bin,,1169,Uncompress
1_extracted\union\01170.bin,,1170,Uncompress
1_extracted\union\01171.bin,,1171,Uncompress
1_extracted\union\01172.bin,,1172,Uncompress
1_extracted\union\01173.bin,,1173,Uncompress
1_extracted\union\01174.bin,,1174,Uncompress
1_extracted\union\01175.bin,,1175,Uncompress
1_extracted\union\01176.bin,,1176,Uncompress
1_extracted\union\01177.bin,,1177,Uncompress
1_extracted\union\01178.bin,,1178,Uncompress
1_extracted\union\01179.bin,,1179,Uncompress
1_extracted\union\01180.bin,,1180,Uncompress
1_extracted\union\01181.bin,,1181,Uncompress
1_extracted\union\01182.bin,,1182,Uncompress
1_extracted\union\01183.bin,,1183,Uncompress
1_extracted\union\01184.bin,,1184,Uncompress
1_extracted\union\01185.bin,,1185,Uncompress
1_extracted\union\01186.bin,,1186,Uncompress
1_extracted\union\01187.bin,,1187,Uncompress
1_extracted\union\01188.bin,,1188,Uncompress
1_extracted\union\01189.bin,,1189,Uncompress
